2014,Business,Phone,Contact,Address,Address 2,City,State,Zip,Special Notes
1,14 Hands/Columbia Crest,425-415-3618,,14111 NE 145th St,,Woodinville,WA,98072,
1,7th & Bell Liquor Store,206-812-6591,Stephen,2300 7th Ave,,SEATTLE,WA,98121,
1,AAA Athens,740-593-6677,Mary Daniel,130 E State St.,,ATHENS,OH,45701,
1,AAA Avon,317-272-5134,Barbara Carrier,8100 E. US Hwy. 36 #F,,AVON,IN,46123,
2,AAA Bellevue,425-455-3933,Tanya,14404 NE 20th St Ste 150,,Bellevue,WA,98007,
2,AAA Bellingham,360-733-2740,Jessica,4280 Meridian St Ste 106,,Bellingham,WA,98226,
2,AAA Bremerton,360-377-0081,Alisa,5700 Kitsap Way Ste 201,,Bremerton,WA,98312,
1,AAA Dayton,937-278-9195,Heather,6580 N Main Street,,DAYTON,OH,45415,
1,AAA Federal Way,253-945-8700,Debbie,2122 S 314th St,,Federal Way,WA,98003,
1,AAA Hoosier Motor Club/Lafayette,765-423-1694,Katrina Kurtz,331 N 4th St.,,LAFAYETTE,IN,47901,
1,AAA Issaquah,425-369-2611,Mary Adaire,405 NW Gilman Blvd. #102,,ISSAQUAH,WA,98027,
3,AAA Lynnwood,425-775-3571,Riley,4100 Alderwood Mall Blvd Ste 8,,Lynnwood,WA,98036,
2,AAA Mill Creek,425-337-1880,Kathy Mayerchak,15415 Main Street,Ste 104,Mill Creek,WA,98012,
1,AAA Mount Vernon,(360) 428-5800,Elizabeth,1600 E College Way,Ste A,MOUNT VERNON,WA,98273,
1,AAA North Spokane,509-468-1124,Tina Hamacher,7307 N Division Ste 103,,Spokane,WA,99208,
1,AAA Ohio Auto Club,330-725-5669,Samatha,150 Northland Drive,,MEDINA,OH,44256,
1,AAA Olympia,360-357-5561,Jamie,2627 Capitol Mall Dr SW Ste 1,,Olympia,WA,98502,
1,AAA Oregon/Coos Bay,541-269-7432,Susan L. Noah,"1705 Ocean Blvd S.E., Suite A",,COOS BAY,OR,97420,
4,AAA Redmond,425-556-1842,Sharon Perkins,7950 164th Ave NE Ste 102,,Redmond,WA,98052,
2,AAA Renton,425-251-6040,Attn: Nick,3900 E Valley Rd Ste 105,,Renton,WA,98057,
1,AAA Seattle,206-633-4222,Attn: Abby,4554 9th Ave. NE,,Seattle,WA,98105,
1,AAA Spokane,509-358-6930,Attn: Erika,1717 W 4th Ave,,Spokane,WA,99201,
1,AAA Travel Corvallis,541-757-2535,Kelly,1550 NW 9th St.,Ste 104,CORVALLIS,OR,97330,
2,AAA Tri-Cities,509-735-6351,AAA Tri-Cities,6501 W Grandridge Blvd Ste G,,Kennewick,WA,99336,
1,AAA Vancouver,360-992-1164,Dave Minor,4301 E 4th Plain Blvd.,,VANCOUVER,WA,98661,
2,AAA Washington,253-756-3062,Todd Nemish,1801 S Union Ave,,Tacoma,WA,98405,
3,AAA Yakima,509-573-3662,Judy,2301 West Nob Hill Blvd.,Ste 1,YAKIMA,WA,98902,
2,Abeja,509-526-7400,Molly,2014 Mill Creek Road,,WALLA WALLA,WA,99362,
1,Adriatic Grill,253-475-6000,Monique Trudnowski,4201 S Steele St,,Tacoma,WA,98409,
1, Albertsons 253,509-783-1457,Attn: David,5204 West Clearwater,,KENNEWICK, WA ,99336,
2,Albertons 588,541-382-3600,Attn: Mike Connor,61155 S. HWY 97,,BEND, OR ,97702,
1,Albertsons 206,509-465-8110,Attn: Dave,9001 N Indian Trail Rd,,SPOKANE, WA ,99208,
2,Albertsons 213,509-943-1155,Attn: Gus,1320 Lee Boulevard,,RICHLAND, WA ,99352,
2,Albertsons 225,509-529-1712,Attn: Vanessa,450 North Wilbur Avenue,,WALLA WALLA, WA ,99362,
2,Albertsons 228,509-547-8858,Attn: Angie,1330 N 20th Ave,,PASCO, WA ,99301,
2,Albertsons 239,509-965-0633,Attn: Sean,401 S 40th Ave,,YAKIMA, WA ,98908,
2,Albertsons 240,509-455-4442,Attn: Cory,510 East 37th Ave,,SPOKANE, WA,99203,
2,Albertsons 241,509-758-5523,Attn: Brad,400 Bridge Street,,CLARKSTON, WA ,99403,
2,Albertsons 244,509-663-8547,Attn: Phil,1128 North Miller,,WENATCHEE, WA ,98801,
2,Albertsons 246,509-924-9014,Attn: Stewart,8851 E Trent Avenue,,MILLWOOD, WA ,99212,
2,Albertsons 248,509-924-2374,Attn: Deb,1304 N Liberty Lake Rd,,LIBERTY LAKE, WA ,99019,
2,Albertsons 249,509-248-4274,Attn: Wine Manager,1610 West Lincoln,,YAKIMA, WA ,98902,
1,Albertsons 252,509-627-4714,Attn: Kelsey,690 Gage Blvd,,RICHLAND, WA ,99352,
2,Albertsons 258,509-892-2112,Attn: Eric,13606 East 32nd Avenue,,SPOKANE, WA ,99206,
2,Albertsons 261,541-524-0412,Attn: Jerry,1120 Campbell Street,,BAKER CITY, OR ,97814,
2,Albertsons 264,541-276-1362,Attn: Bree,1300 SW Court Ave,,PENDLETON, OR ,97801,
2,Albertsons 265,509-489-1250,Attn: Dan,6520 North Nevada,,SPOKANE, WA ,99208,
2,Albertsons 268,509-443-6403,Attn: Cecil,3010 East 57th Ave,,SPOKANE, WA ,99223,
3,Albertsons 401,360-668-1132,Attn: Rob,17520 SR 9 Southeast,,SNOHOMISH, WA ,98296,
2,Albertsons 402,360-279-8828,Attn: Glenn,1450 SW Erie Stree,,OAK HARBOR, WA ,98277,
2,Albertsons 403,425-836-8112,Attn: Ron,3925 236th Ave NE,,REDMOND, WA ,98053,
2,Albertsons 404,360-452-2307,Attn: Scott,114 East Lauridsen Blvd,,PORT ANGELES, WA ,98362,
2,Albertsons 406,253-853-4750,Attn: Bart,11330 NW 51st Avenue,,GIG HARBOR, WA ,98332,
2,Albertsons 407,360-705-3569,Attn: Wine Manager,705 Trosper Road Southwest,,TUMWATER, WA ,98511,
2,Albertsons 408,206-283-9434,Attn: Stan,2550 32nd Avenue West,,SEATTLE, WA ,98199,
2,Albertsons 410,206-306-8780,Attn: Wine Manager,13050 Aurora Avenue North,,SEATTLE, WA ,98133,
2,Albertsons 413,425-338-0775,Attn: Theresa,3322 132nd Street Southeast,,MILL CREEK, WA ,98012,
3,Albertsons 414,425-775-4844,Attn: Beth,4301 212th Street SW,,MOUNTLAKE TERRACE, WA ,98043,
2,Albertsons 415,360-459-9340,Attn: Mike,3520 Pacific Ave Southeast,,OLYMPIA, WA ,98501,
2,Albertsons 416,360-733-9244,Attn: Chris,1650 Birchwood Ave,,BELLINGHAM, WA ,98225,
2,Albertsons 419,360-876-2085,Attn: Brendon,370 SW Sedgwick Rd,,PORT ORCHARD, WA ,98367,
2,Albertsons 425,206-363-5397,Attn: Asley,17171 Bothell Way Northeast,,SEATTLE, WA ,98155,
2,Albertsons 443,360-377-0220,Attn: Joel,2900 Wheaton Way,,BREMERTON, WA ,98310,
2,Albertsons 444,425-641-2783,Attn: Wine Manager,15100 SE 38th St,,BELLEVUE, WA ,98006,
2,Albertsons 450,206-232-0244,Attn: Wine Manager,2755 77th Ave SE,,MERCER ISLAND, WA ,98040,
1,Albertsons 456,425-481-8990,Attn: Autumn,22621 Bothell Everett Hwy Sout,,BOTHELL, WA ,98021,
3,Albertsons 458,425-743-3095,Attn: Beth,16304 Bothell Everett Hwy,,MILL CREEK, WA ,98012,
7,Albertsons 459,425-483-9353,Attn: Julie,14019 Woodinville Duvall Rd,,WOODINVILLE, WA ,98072,
2,Albertsons 461,425-347-3681,Attn: Wine Manager,520 128th St SW,,EVERETT, WA ,98204,
1,Albertsons 463,253-752-7800,Attn: Desery,2401 North Pearl Street,,TACOMA, WA ,98406,
2,Albertsons 465,253-582-5844,Attn: Travis,8611 Steilacoom Blvd SW,,LAKEWOOD, WA ,98498,
2,Albertsons 466,360-697-2302,Attn: Tony,19561 7th Avenue Northeast,,POULSBO, WA ,98370,
2,Albertsons 467,253-565-5995,Attn: Wine Manager,3905 Bridgeport Way West,,TACOMA, WA,98466,
2,Albertsons 468,253-537-3770,Attn: Cheryl,11012 Canyon Rd East,,PUYALLUP, WA ,98373,
2,Albertsons 469,425-347-3060,Attn: Theresa,12811 Beverly Park Rd,,LYNNWOOD, WA,98087,
2,Albertsons 470,425-235-7700,Attn: Joesph,14215 SE Petrovitsky Rd,,RENTON, WA ,98058,
2,Albertsons 471,360-659-5841,Attn: Laticia,301 Marysville Mall #60,,MARYSVILLE, WA ,98270,
2,Albertsons 472,253-952-2029,Attn: John,2800 Milton Way,,MILTON, WA ,98354,
2,Albertsons 473,206-439-7212,Attn: Jim,12725 First Ave S,,BURIEN, WA ,98168,
2,Albertsons 475,360-895-2292,Attn: Rob,1434 Olney Ave SE,,PORT ORCHARD, WA ,98366,
2,Albertsons 476,360-794-8951,Attn: Wine Manager,19881 SR2,,MONROE, WA ,98272,
1,Albertsons 477,425-335-3421,Attn: Steve,303 91st Avenue Northeast #F,,LAKE STEVENS, WA ,98258,
2,Albertsons 478,425-353-8511,Attn: Dereck,6727 Evergreen Way,,EVERETT, WA ,98203,
2,Albertsons 483,253-939-1850,Attn: Larry,4010 A Street,,AUBURN, WA ,98002,
1,Albertsons 485,425-670-9803,Attn: Mike,19500 Highway 99 Suite 110,,LYNNWOOD, WA ,98036,
2,Albertsons 486,360-297-1800,Attn: Wine Manager,8196 Northeast Highway 104,,KINGSTON, WA ,98346,
2,Albertsons 492,360-692-8088,Attn: Adam,2222 NW Bucklin Hill Rd,,SILVERDALE, WA ,98383,
2,Albertsons 493,253-538-1688,Attn: Matt,104 Military Rd,,TACOMA, WA ,98444,
2,Albertsons 496,253-946-4002,Attn: James,31009 Pacific Hwy South,,FEDERAL WAY, WA ,98003,
2,Albertsons 498,253-474-0946,Attn: Wine Manager,111 South 38th Street,,TACOMA, WA ,98408,
2,Albertsons 501,541-476-6334,Attn: Brandon,340 NE BEACON DRIVE,,GRANTS PASS, OR ,97526,
2,Albertsons 503,503-658-2423,Attn: Nick,14800 S E SUNNYSIDE RD,,CLACKAMAS, OR ,97015,
1,Albertsons 504,360-693-4880,Attn: Lee,5000 EAST FOURTH PLAIN BLVD,,VANCOUVER, WA,98661,
2,Albertsons 505,503-246-1713,Attn: Donna,5415 SW Beaverton Hwy,,PORTLAND, OR ,97221,
2,Albertsons 506,503-723-9575,Attn: Nick,1855 BLANKENSHIP RD,,WEST LINN, OR ,97068,
2,Albertsons 507,541-485-7027,Attn: Don,1675 W. 18TH AVENUE,,EUGENE, OR ,97402,
1,Albertsons 508,541-770-7050,Attn: Wine Manager,910 NORTH PHOENIX ROAD,,MEDFORD, OR ,97504,
2,Albertsons 511,360-883-6430,Attn:Wine Manager,"8300 NORTHEAST 137TH AVE, # A",,VANCOUVER, WA ,98682,
2,Albertsons 513,541-688-6497,Attn: Paul,4740 ROYAL AVENUE,,EUGENE, OR ,97402,
2,Albertsons 518,503-582-1876,Attn: John,30299 SOUTHWEST BOONESFERRY RO,,WILSONVILLE, OR ,97070,
2,Albertsons 521,503-635-3429,Attn: Joe,16199 SOUTHWEST BOONES FERRY R,,LAKE OSWEGO, OR ,97035,
2,Albertsons 528,503-474-1087,Attn: Mick,615 SW Keck Dr.,,MCMINNVILLE, OR ,97128,
2,Albertsons 536,503-667-1722,Attn: Marge,25691 SOUTHEAST STARK,,TROUTDALE, OR ,97060,
2,Albertsons 537,541-471-2148,Attn: Laura,1690 ALLEN CREEK ROAD,,GRANTS PASS, OR ,97527,
2,Albertsons 555,541-967-7484,Attn: Matt,1177 WAVERLY DR. SOUTHEAST,,ALBANY, OR ,97321,
2,Albertsons 557,503-642-7059,Attn: Sean,6055 SOUTHWEST 185TH AVENUE,,ALOHA, OR ,97007,
2,Albertsons 559,503-641-5546,Attn: Jenny,8155 S.W. HALL BLVD,,BEAVERTON, OR ,97005,
2,Albertsons 560,541-689-3960,Attn: Glinda,55 DIVISION AVE.,,EUGENE, OR ,97404,
2,Albertsons 562,503-390-3922,Attn: David,5450 RIVER ROAD NORTH,,KEIZER, OR ,97303,
2,Albertsons 564,503-666-3801,Attn: Jak,451 NORTHEAST 181ST ST.,,PORTLAND, OR ,97230,
2,Albertsons 565,503-684-5070,Attn: Mike,16200 SOUTHWEST PACIFIC HIGHWA,,TIGARD, OR ,97224,
2,Albertsons 566,503-652-0356,Attn: Jeff,10830 S.E. OAK,,MILWAUKIE, OR ,97222,
2,Albertsons 568,541-687-1742,Attn: Alan,3075 HILYARD STREET,,EUGENE, OR ,97405,
2,Albertsons 569,503-636-0827,Attn: Brian,11 SOUTH STATE STREET,,LAKE OSWEGO, OR ,97034,
2,Albertsons 570,541-746-8850,Attn: Steve,2000 MARCOLA ROAD,,SPRINGFIELD, OR ,97477,
2,Albertsons 571,503-657-3248,Attn: Wayne,19007 SOUTH BEAVERCREEK RD.,,OREGON CITY, OR ,97045,
2,Albertsons 573,541-482-6320,Attn: Paul,2301 ASHLAND ST.,,ASHLAND, OR ,97520,
2,Albertsons 574,541-746-1653,Attn: Wine Manager,5755 S. MAIN STREET,,SPRINGFIELD, OR ,97478,
1,Albertsons 575,503-284-5083,Attn: Benny,5850 N.E. PRESCOTT,,PORTLAND, OR ,97218,
2,Albertsons 576,503-590-0543,Attn: Faji,14300 SOUTHWEST BARROWS ROAD,,TIGARD, OR ,97223,
2,Albertsons 577,541-882-7239,Attn: James,5500 SOUTH 6TH ST.,,KLAMATH FALLS, OR ,97603,
1,Albertsons 579,503-625-9581,Attn: Michael,16030 SOUTH WEST TUALATIN SHE,,SHERWOOD, OR ,97140,
1,Albertsons 580,360-576-4066,Attn: Randy,14300 NORTHEAST. 20TH AVE.,,VANCOUVER, WA ,98686,
2,Albertsons 582,503-646-9676,Attn: Wine Manager,11070-C S W BARNES RD,,PORTLAND, OR ,97225,
2,Albertsons 587,541-382-3661,Attn: Vic,1800 N.E. 3RD STREET,,BEND, OR ,97701,
2,Albertsons 589,541-548-6081,Attn: Marla,1655 SOUTHWEST ODEM MEDO,,REDMOND, OR,97756,
2,Albertsons 590,503-591-7557,Attn: Mark,7500 SOUTHWEST BASELINE ROAD,,HILLSBORO, OR ,97123,
2,Albertsons 591,503-681-8927,Attn: Jim,888 NORTHEAST 25TH AVENUE,,HILLSBORO, OR ,97124,
2,Albertsons 592,360-687-4130,Attn: Ben,2108 WEST MAIN STREET,,BATTLE GROUND, WA,98604,
2,Albertsons 593,541-858-5937,Attn: Deanna,113 Ross Lane,,MEDFORD, OR ,97501,
2,Albertsons 595,541-665-3761,Attn: Don,1360 PLAZA BLVD,,CENTRAL POINT, OR ,97502,
1,Albertsons 596,503-533-5998,Attn: Dave,18425 NW WEST UNION RD,,PORTLAND, OR ,97229,
1,ALIA Wines,206-406-1528,John Olsen,12216 185th Ave SE,,Snohomish,WA,98290,
1,Alpenfire Cider,360-379-8915,Nancy Bishop,220 Pocket Lane,,Port Townsend,WA,98325,
2,aMaurice Cellars,425-466-2027,Laura,178 Vineyard Ln,,Walla Walla,WA,99362,
1,Amavi Cellars & Pepper Bridge Winery,509-525-3541,Patty,3796 Pepper Bridge Road,,Walla Walla,WA,99362,
3,Anacortes Chamber of Commerce,360-293-7911,Cecille Miller,819 Commercial Avenue,,Anacortes ,WA,98221,
6,Anthony's at Columbia Point,509-946-3474,Attn: Eric Zegzula,550 Columbia Point Dr.,,RICHLAND,WA,99352,
4,Arbor Crest Wine Cellars,509-927-9463,Attn: Shelby,4705 N Fruit Hill Rd,,Spokane,WA,99217,
2,Arista,425-771-7009,Ruth or David Arista,"320 Fifth Ave South, Ste A",,Edmonds,WA,98020,
5,At the Vineyard,206-992-4099,Leanne Belarde,16507 140th PL NE,,Woodinville,WA,98072,
12,Auburn Downtown Association,(253) 939-3982 ,Attn: Laura Westergard,222 E Main St Ste A,,Auburn,WA,98002,
1,AWB,360-943-1600,Ed Schwick,1414 Cherry St SE,,OLYMPIA,WA,98507,
1,Balboa Winery,509-529-0461,Attn Michael Mettler,4169 Peppers Bridge Rd,,Walla Walla,WA,99362,
2,Barnard Griffin,509-627-0266,Elise Griffin,878 Tulip Lane,,Richland,WA,99352,
1,Bartholomew Winery,206-755-5296,Bart Fawbush,1640 S.W. Austin Street,,SEATTLE,WA,98106,
1,Basel Cellars Estate Winery,509-522-0200,Bob During,2901 Old Milton Hwy,,Walla Walla,WA,99362,
1,Bellewood Acres,360-318-7720,Dorie Belisle,6140 Guide Meridian,,Lynden,WA,98264,
3,Bellingham Whatcom County Tourism,360-671-3990,Cheryl Collins,904 Potter St.,,BELLINGHAM,WA,98229,
3,Bender Beverage,208-756-6226,Eric Bender,728 Union Avenue,,Salmon,ID,83467,
2,Benson Vineyards-Estate Winery,509-687-0313,Paul Benson,754 Winesap Ave,,Manson,WA,98831,
1,Best Western Inn at Horseheaven,509-786-7977,Cody Bonham,259 Merlot Dr,,Prosser,WA,99350,
1,Best Western Plus Lakeway Inn,360-671-1011,Christine Jenkins,714 Lakeway Dr,,Bellingham,WA,98229,
1,Best Western PLUS Walla Walla,509-525-4700 ,,7 East Oak St,,Walla Walla,WA,99362,
1,Bin No. 20 Steak & Seafood Resturant,509-544-3939,,2525 N 20th Ave,,Pasco,WA,99301,
1,Blanc & Rouge,360-568-0850,Mary Pat Connors,801 First St,,Snohomish,WA,98290,
1,Bon Vivant Wine Tours,206-524-8687,,22433 NE Marketplace Dr #C-1019,,REDMOND,WA,98053,
3,Bonair Winery & Vineyards,509-829-6027,Shirley Puryear,500 S Bonair Rd,,Zillah,WA,98953,
1,Bremerton Chamber of Commerce,360-479-3580,Mike Strub,286 Fourth St,,Bremerton,WA,98337,
1,Brian Carter Cellars,425-806-9463,Mike Stevens,14419 Woodinville Redmond Rd NE,,WOODINVILLE,WA,98072,
1,Briggs Dist. Co. Inc.,406-294-2337,T. McCoy/ John,3545 Hesper Road,,Billings,MT,59108,
1,Brix 25 Restaurant,253-858-6626,Katy,7707 Pioneer Way,,Gig Harbor,WA,98335,
2,Brix and Stone,509-754-2808,,107 Basin Street SW,,Ephrata,WA,98823,
1,Brix Wine Cafe,425-242-0280,Natalie,9749 NE 119th Way,,Kirkland,WA,98034,
1,Bronken's,406-586-2011,Derek Bronken,707 E. Peach Street,,Bozeman,MT,59715,
1,Burien Wine & Liquor Shop,206-241-1165,Mary Hartness,15858 1st Ave S Ste A101,,Burien,WA,98148,
1,Burlington Chamber of Commerce,360-757-0994,Jeanette Campagna,520 E Fairhaven Avenue,,Burlington,WA,98233,
1,Butler Seattle,206-233-9233,Stuart Butler,15308 189th Ave NE,,WOODINVILLE,WA,98072,
1,BW Plus Lakeway Inn,360-671-1011,Christine Jenkins,714 Lakeway Dr,,BELLINGHAM,WA,98229,
1,Camano Island Chamber of Commerce,360-629-7136,,578 SW Camano Dr.,,Camano Island,WA,98282,
3,Camas Cove Cellars,509-750-4193,Attn Nancy Parr,911 Camas Pl S,,Moses Lake,WA,98837,
5,Cameo Winery,360-898-3200,Pam ,6871 E Hwy 106,,Union,WA,98592,
1,Carson Ridge Cabins,877-816-7908,Staci,1261 Wind River Road,,Carson,WA,98610,
1,Cascade Valley Wine Country,509-6812-3503,Mike Steele,PO Box 216,,Chelan,WA,98816,
2,Castle Rock Visitor Center,360-274-6603,Doug Parker,147 Front Avenue NW,,Castle Rock,WA,98611,
8,Cave B Winery,509-785-3500,Freddy Arredondo,348 Silica Rd NW,,Quincy,WA,98848,
1,Center for Enology & Vitaculture,509-522-2500,,500 Tausick Way,,Walla Walla,WA,99362,
1,Central Market Shoreline,206-363-9226,John- Wine Manager,15505 Westminster Way N,,Shoreline,WA,98133,
2,Centralia Chamber of Commerce,360-748-8885,,500 NW Chamber of Commerce Way,,Chehalis ,WA,98532,
300,Century Link Field/ Attn  Taste WA Seattle/Melinda Haynes ,425-652-1007,Melinda Haynes,800 Occidental Ave. S,,SEATTLE,WA,98134,MUST DELIVER by 10:00am 3/28/14. MELINDA HAYNES IS CONTACT FOR WWC.
1,Chateau St Michele,425-415-3618,Laura Smith,14111 NE 145th St,,Woodinville,WA,98042,
1,Cheese Louise,509-420-4222,Bill Krieger,619 The Parkway Richland,,Richland,WA,99352,
1,Chelan Chamber of Commerce,509-682-3503,,102 E. Johnson Ave.,,Chelan,WA,98816,
6,Chelan Estate Winery,509-682-5454,Mary Broderick,755 S Lakeshore Rd,,Chelan,WA,98816,
1,Chrysalis Inn & Spa,360-756-1005,Amy Flecture,804 10th St,,Bellingham,WA,98229,
2,Chukar Cherries,800-624-9544,Tommy Montgomery,320 Wine Country Rd,,Prosser,WA,99350,
2,City Cellars Fine Wines,206.632.7238,Michael,1710 N 45th St,,Seattle,Wa,98103,
1,City of Bothell,425-486-3256,Katherine,18305 101st Ave NE,,Bothell,WA,98011,
1,City of Pateros,509-923-2571,Cary,113 Lakeshore Dr.,,Pateros,WA,98846,
1,City of Redmond,425-556-2106,Susan Cooper,15670 NE 85th Street ,,Redmond,WA,98073,
6,City of Snohomish County,425-348-5802 X13,Staci,1133 164th St SW   Ste 204,,LYNNWOOD,WA,98087,
3,Clatsop Dist.,503-861-4275,Bobbi Jean Hochhalter,1375 SE 12th Place,,Warrenton,OR,97146,
1,Colfax Chamber of Commerce,509-397-3712,,120 South Main Street,,Colfax,WA,99111,
3,Columbia Gorge Interpretive Center,509-427-8211,Jim Price,990 Rock Creek Dr.,,Stevenson,WA,98648,
1,Columbia Gorge Wine,866-413-9463,Jim Rutledge,721 Struck Rd,,Lyle,WA,98635,
2,Columbia Gorge Winegrowers,866-413-9463,Kate,31 Nester Peak Rd,,White Salmon,WA,98672,
1,Comfort Inn,360-425-4600,Jon Mapes,440 Three Rivers Drive,,Kelso,WA,98626,
4,Compass Wines,360-293-6500,Sandy,1405 Commercial Ave,,Anacortes,WA,98221,
1,Concrete Chamber of Commerce,360-853-8784,,45770 Main Street,,Concrete,WA,98237,
2,Corkscrew Cellars Wine Merchants,253-770-9463,,207 N Meridian,,Puyallup,WA,98371,
3,Courtyard by Marriott Richland,509-942-9400,Rebecca Sillas,480 Columbia Point Dr,,RICHLAND,WA,99352,
4,Covington Cellars,425-205-8680,Morgan Lee,18580 142nd Ave. NE,,Woodinville,WA,98072,
3,Cowlitz County Tourism,360-577-3137,Dawn Smith,1900 7th AVE ,,Longview,WA,98632,
4,Dakota Creek Winery,360-820-4752,Ken Peck,3575 Haynie Rd,,Blaine,WA,98230,
2,Destination Packwood Association,360-494-2223,C.J. Neer,103 Main St. E,,Packwood,WA,98361,
1,Downtown Spirits,206-812-6591,Attn Steven,2300 7th Ave,,Seattle,WA,98121,
1,Dumas Station Wines,509-382-8933,,36229 Hwy 12,,Dayton,WA,99328,
1,Eaglemount Wine & Cider,360-732-4084,Trudy Davis,2350 Eaglemount Rd,,Port Townsend,WA,98368,
1,Edmonds Chamber of Commerce,425-332-7114,Valerie,121 5th Ave N,,Edmonds,WA,98020,
1,Eight Bells Winery,206-321-5120,Tim Bates,6213-B Roosevelt Way NE,,SEATTLE,WA,98115,
2,Elegante' Cellars,509 525 9129,Doug Simmons,"839 ""C"" St.",,Walla Walla,WA,99362,
1,Eleven Winery,206-780-0905,,7671 NE Day Rd,,Bainbridge Island,WA,98110,
1,Eleven Winery Bainbridge Tasting Room,206-780-0905,,287 Winslow Way E,,Bainbridge Island,WA,98110,
1,Eleven Winery Poulsbo Tasting Room,206-780-0905,,18827 Front St,,Poulsbo,WA,98370,
3,Ellensburg WineWorks,509-962-8463,,115 East 4th Ave.,,Ellensburg,WA,98926,
20,Encore Media Group,206-443-0445,Susan Peterson,425 N 85th St,,Seattle,WA,98103,
1,Etta's,206-443-6000,,2020 Western Avenue,,Seattle,WA,98121,
2,Executive Hotel Pacific,206-777-7102,Tona Zubia,400 Spring St,,Seattle,WA,98104,
2,Facelli Winery,425-488-1020,Sandy Facelli,16120 Woodinville-Redmond Rd NE #1,,Woodinville,WA,98072,
2,Fair Winds Winery,360-385-6899,Michael Cavett,1984 Hastings Ave W,,Port Townsend,WA,98368,
2,Fat Duck Inn,509-526-3825,Cynthia Koby,527 Catherine st,,WALLA WALLA,WA,99362,
1,Federal Way Chamber of Commerce,253-838-2605,Karla Zuspan,31919 1st Avenue South Suite 202,,Federal Way,WA,98003,
6,Fidelitas Winery Tasting Room,509.588.3469   ,Jess Zander,51810 North Sunset Rd ,,Benton City,WA,99320,
1,Finnriver Farm & Cidery,360-732-6822,Crystie Kisler,62 Barn Swallow Rd,,Chimacum,WA,98325,
2,Fun Beverage,406-752-1455,Kim Clausen,175 School House Loop,,Kalispell,MT,59901,
3,Gamache Vintners,509-786-7800,Attn Susie McFerran,505 Cabernet Ct,,Prosser,WA,99350,
2,Gard Vintners,509-925-1095,Attn: Joe,311 N Pearl st,,Ellensburg,WA,98926,
1,Gard Vintners Home Office,509-925-1095,Attn: Allison,13000 Road D SW,,Royal City,WA,99357,
3,Gig Harbor Visitor Center,253-857-4842,Tracy Patton,3125 Judson St.,,GIG HARBOR,WA,98335,
2,Glasgow Dist. Co.,406-228-8277,J Swanson,725 Burlington-Northern Right-Way,,Glasgow,MT,59230,
1,Glondo's Sausages,(509) 674-5755   ,Dena,216 E. 1st St,,Cle Elum,WA,98922,
2,Golden Eagle Sales,208-524-0711,Kelly Diest,5478 S. Heyrend Drive,,Idaho Falls,ID,83403,
2,Goldendale Chamber of Commerce,509-773-3400,Joe Sellers,903 East Broadway,,Goldendale,WA,,
1,Gordon Brothers Cellars,509-547-6331,Attn Lisa Avery,671 Levey Rd,,Pasco,WA,99301,
3,Grant County Tourism,509-765-7888,Debbie,324 S. Pioneer Way,,Moses Lake,WA,98837,
2,Graybeal Dist.,541-276-2264,Deborah Wagner,301 NW 57th Drive,,Pendleton,OR,97801,
1,Hamilton Cellars,509-628-8227,Stacie Hamilton,1950 Keene Rd,Building I,Richland,WA,99352,
1,Hampton Inn Richland,509-943-4400,Linda,486 Bradley Blvd,,RICHLAND,WA,99352,
1,Hampton Inn Spokane Airport,509-747-1100,Jamie Crawford,2010 S Assembly Rd,,SPOKANE,WA,99224,
3,Hansen & Hansen,253-227-3822,Sonie Hansen,1719 14th St SW,,Puyallup,WA,98371,
6,Harbinger Winery,360-452-4262,Dave,2358 Hwy 101 W,,Port Angeles,WA,98363,
1,Hells Canyon VB,509-758-7489,Michelle,847 Port Way,,Clarkston,WA,99403,
1,Hilton Garden Inn Spokane Airport,509-244-5866,,9015 W Highway 2,,SPOKANE,WA,99224,
1,Hilton Garden Inn Tri Cities,509-735-4600,Afra Mayfield,701 North Young St,,Kennewick,WA,99336,
1,Hogue Cellars,509-786-6105,Courtney Faulk,"2800 Lee Rd, PO Box 31",,Prosser,Wa,99350,
2,Howard's Wine Cellar,773-248-3766,Howard Silverman,1244 W Belmont,,Chicago,IL,60657,
3,Huckleberry's Natural Market,509-624-1349,Drew,926 S Monroe St,,Spokane,WA,99204,
1,Hyatt @ Olive 8,206-774-6301,Andy Bishop,721 Pine st,,SEATTLE,Wa,98101,
3,Hyatt Vineyards,509-829-6333,,2020 Gilbert Road ,,Zillah,WA,98953,
1,Icicle VillageResort,800-961-0162,Karl Ruether,505 Highway 2,,Leavenworth,WA,98826,
2,Idaho Distributing,208-378-0550,John Shumate,4719 S. Market Street,,Boise,ID,83705,
3,Indian Summer Golf & Country Club,360-923-1075 x102,Trish Huff,5900 Troon Ln,,Olympia,WA,98501,
1,Intermountain Beverage,208-237-4711,B. Grayson,3034 Garrett Way,,Pocatello,ID,83204,
1,Isenhower Cellars,509-526-7896,Denise Isenhower,3471 Pranger Rd,,WALLA WALLA,WA,99362,
1,Isenhower Cellars,"425-488-2299, ext 1",Denise Isenhower,15007 Woodinville-Redmond Rd,Suite A,Woodinville,WA,98072,
2,Italianissimo Restaurante,425-485-6888,Caylee Betts,15608 NE Woodinville-Duvall Pl,,Woodinville,WA,98072,
1,Jefferson County Chamber of Commerce,360-385-7869,,440 12th Street,,Port Townsend,WA,98368,
2,Jones of Washington,509-787-3537,Allan Williams,903 A St S,,Quincy,WA,98848,
3,K&L Distributors,907-780-6655,Chad Moore,8420 Airport Blvd.,,Juneau,AK,99801,
1,K&L Distributors,907-452-8271,Jeff McCain,945 Elizabeth Street,,Fairbanks,AK,99701,
2,K&L Distributors,907-563-3030,Julie Matson,6307 Arctic Spur Road,,Anchorage,AK,99518,
2,Kadlec Health System,509-946-4611,Erin Galloway,888 Swift Blvd,,Richland,WA,99352,
1,Kelso Visitors Center,360-577-8058,Amy Hallock,105 N. Minor Rd,,Longview,WA,98626,
1,Kestrel Vintners,509-786-2675,JJ,2890 Lee Rd,,Prosser,WA,99350,
1,Kitsap Peninsula Visitor's Bureau,360-692-1084,,9481 Silverdale Way NW Suite 281,,Silverdale,WA,98383,
1,Kittitas Chamber of Commerce,(509) 925-2002,Lindsey,609 N Main St,,Ellensburg,WA,98926,
1,La Conner Visitor 's Information Center,360-466-4778,Marci Plank,606 Morris St,,La Conner,WA,98257,
4,Lake Chelan Chamber,509-682-3503,"Mike Steele or ""Gail""",102nd E Johnson Ave,,Chelan,WA,98816,
2,Latah Creek Wine Cellars,509-926-0164,Mike Conway,13030 E Indiana Ave,,Spokane,WA,99216,
2,Leavenworth Chamber of Commerce,509-548-5807,Nancy Smith,940 US Hwy 2,,Leavenworth,WA,98826,
1,Ledgestone Hotel,509-453-3151,Sara Allen,107 N Fair Ave,,YAKIMA,WA,98901,
1,LeftBank Wine Bar,509-315-8623,Issac,108 N Washington St #105,,Spokane,WA,99201,
2,Leschi Mart,206-322-0700,Ken,103 Lakeside Ave,,Seattle,WA,98122,
1,Liberty Lake Wine Cellars,509-255-9205,Shelly,1018 S Garry Rd,,Liberty Lake,WA,99019,
601,Lithtex,360-676-1977,Scott Wheeler,3550 Meridian Street,Suite 6,Bellingham,WA,98225,
1,Long Beach Peninsula Visitor's Bureau,360-642-2400,Robyn Schneider,3914 Pacific Way,,Seaview,WA,98644,
1,Lopez Island Vineyards,360-468-3644,Brent Charnley,724 Fisherman Bay Rd,,Lopez Island,WA,98261,
4,Lost River Winery,509-996-2888,Attn: Liam,26 Highway 26,,Winthrop,WA,98862,
4,Lost River Winery,206-448-2124,Attn: Liam,2003 Western Ave Ste 101,,Seattle,WA,98101,
2,Madsen Family Cellars,360-438-1286,Dana Madsen,2825  Marvin Rd NE #D,,Olympia,WA,98516,
2,Marcus Sophia Winery,425-591-2346,Leala Cramer,21825 161st Ave E,,Graham,WA,98338,
2,Marcus Whitman,509-525-2200,Gina,6 West Rose Street,,Walla Walla,WA,99362,
1,Marine View Beverage - Poulsbo,360-394-9631,,22200 Dauntless Drive NW,,Poulsbo,WA,98370,
4,Marine View Beverage/Jennings,360-452-9766 x101,Denise Blehm,80 Easy Street ,,Port Angeles,WA,98362,
1,Marshal's Winery,509-767-4633,,150 Oak Creek Rd,,Dallesport,WA,98617,
1,Martin-Scott Winery,509-886-4596,Attn Mike,3400 SE 10th St,,East Wenatchee,WA,98802,
1,Maryhill Museum of Art,509-773-3733,Colleen Schafroth,35 Maryhill Museum Dr,,Goldendale,WA,98620,
1,Maryhill Winery,509-773-1976,Craig & Vicki Leuthold,9774 Highway 14,,Goldendale,WA,98620,
1,Marysville/Tulalip Info Center,360-659-7700,Darlene,8825 34th Ave NE Ste C,,Tulalip,WA,98271,
1,Matt's In The Market,206-467-7909,Dan,94 Pike St. Suite #32,,Seattle,WA,98101,
1,McCarthy & Schiering - Ravenna,206-524-9500,Jay Schiering,6500 Ravenna Ave NE,,Seattle,WA,98115,
1,McCarthy &Schiering - Queen Anne,206-282-8500,Dan McCarthy,2401 B Queen Anne Ave N,,Seattle,WA,98109,
3,Memaloose,(360) 635-2887,Attn Rob McCormick,101 Lyle Snowden Rd,,Lyle,WA,98635,
1,Mercer Estates,509-786-2097,Jenna Hanna,3100 Lee Rd,,Prosser,WA,99350,
1,Meritage Meadows Inn,(425) 487-4019,Bob Spencer,21407 NE Union Hill Rd.,,Redmond,WA,98053,
1,Michael Florentino Cellars,425-281-2323,,19501 144th Ave NE Ste C1200,,Woodinville,WA,98072,
4,Mosquito Fleet Winery,360 275-9100,Scott,NE 151 Hwy 300,,Belfair,WA,98528,
4,Mount Vernon Chamber of Commerce,360-428-8547,,301 W Kincaid St,,Mount Vernon,WA,98273,
2,Mt Baker Foothills Chamber,360-599-1518,Saundra,7802 Silver Lake Rd,,Maple Falls,WA,98266,
1,Mt Rainer Visitors Association,360-569-0910,,30406 Washington 706,,Ashford,WA,98304,
1,Mt St Helens Cellars Tasting Room,360-967-2257,June Dunbar,1254 Mount Saint Helens Way,,Castle Rock,WA,98611,
3,Mt. Adams Chamber Of Commerce,509-493-3630,Hallie Bradley,1 Heritage Plaza,,White Salmon,WA,98672,
1,Napeequa Vintners,509-763-1600,David Morris,621 SR9 NE,PMB E6,Lake Stevens,WA,98258,
3,Nectar Tasting Lounge,(509) 869-1572,Josh Wade,"120 N Stevens , 1st Floor",,Spokane,WA,99201,
1,Neppel Cellars,509-765-4404,Trina Myrick,1751 Rd E NE,,Moses Lake,wa,98837,
1,North Hood Canal Visitor's Center,360-765-4999,,295142 Highway 101,,Quilcene,WA,98376,
1,Northern Quest Casino,509-242-7000,ATTN: Meg Miller,100 N Hayford Rd,,Airway Heights,WA,99001,
2,Northwest Cellars,206-601-9217,Bob Delf,"218 Main Street, #358",,Kirkland,WA,98033,
5,Northwest Wine Academy at SSCC/ Attn Reg,206 934-6846,Regina Daigneault,6000 16th Ave SW,,Seattle,WA,98106,
6,Novelty Hill/Januik Winery,425-481-5502,Attn: Diane,14710 Woodinville-Redmond Rd NE,,Woodinville,WA,98072,
1,NW Region,425-415-3637,Angela Smith,14111 NE 145th Street,,Woodinville,WA,98072,
1,Odom Coeur D'Alene,208-765-8100,Jim Willoughby,3858 North Schreiber Way,,Coeur D'Alene,ID,83814,
1,Odom Lewiston,208-746-0114,Ryan Dressen,3010 E Main,,Lewiston ,ID,83501,
1,Odom Southern Wine Distributors,509-860-5373,Melissa Johnson,2129 Dry Creek Rd,,Ellensburg,WA,98926,
1,Odom Spokane,509-458-4100,Todd McCracken,4122 S. Grove,,Spokane,WA,99224,
1,Odom Spokane,509-892-4916,Todd McCracken,16005 East Euclid,,Spokane Valley,WA,99224,
1,Odom Walla Walla,509-585-9102,,3303 East Isaacs,,Walla Walla,WA,99362,
1,Odom Walla Walla,509-585-9102,E. DAVIS,501 N. Quay St.,,Kennewick,WA,99336,
1,Odom Wenatchee,509.884.3050,Butch Eisle,3836 North Clemons Street,,East Wenatchee,WA,98802,
1,Old Hotel Art Gallery,509-488-5936,Sally Laufer,33 East Larch Street,,Othello,WA,99344,
6,Olive Market Place & Café,509-526-0200,,4 E Main St,,Walla Walla,WA,99362-1922,
4,Olympia/Lacey/Tumwater CVB,360-704-7544,George Sharp,103 Sid Snyder Avenue SW,,OLYMPIA,WA,98501,
1,Olympic Peninsula Wineries,360-417-3564,Vicki Corson,334 Benson Rd,,Port Angeles,WA,98363,
1,Olympic Wine Shop,360-697-9463,,19740 7th Ave NE #G,,Poulsbo,WA,98370,
1,Omak Chamber of Commerce,509-826-1880,Attn: Kate,401 Omak Avenue,,Omak WA,WA,98841,
1,Orchard Inn Bed & Breakfast,509-966-1283 ,Henner & Karen Merola Krueger,1207 Pecks Canyon Rd,,Yakima,WA,98908,
1,OS Winery,206-243-3427,Ross Davis,1501 S 92nd Pl Ste B,,SEATTLE,WA,98101,
2,Owyhee Dist. Co. Inc.,541-372-5305,Bill Winn,492 Columbia Street,,Nyssa,OR,97913,
2,P & E Distributing,541-523-6558,Russ Elms,1320 7th Street,,Baker City,OR,97814,
2,Pacific County Visitors Center,360-875-5224,Charline Shute,"1008 Robert Bush Dr,",,SOUTH BEND,WA,98586,
70,Pacific Place,206-652-1300,Lorenzo Leonard,600 Pine St.,Ste 228,SEATTLE,WA,98101,
3,Palouse Winery,509-200-0997,Jeff von Bargen,12431 Vashon Hwy SW,,Vashon,WA,98070,
2,Paradisos del Sol,509-829-9000,Attn Barbara Sherman,3230 Highland Dr,,Zillah,WA,98953,
1,Passion Vineyards,206-334-0178,karla,13228 202nd Ave SE,,Issaquah,Wa,98027,
2,Patterson Cellars,425-483-8600,Stephanie Cuff,19501 144th Ave NE D-600,,Woodinville,WA,98072,
2,PCC Natural Markets,206-547-1222,Jeff Cox,4201 Roosevelt Way NE,,Seattle,WA,98105,
1,Pepper Bridge Winery,509-525-6502,Lisa Schmidt,1704 JB George  Rd,,Walla Walla,WA,99362,
5,Pete's Bellevue,425-454-1100,,134 105th NE,,Bellevue,WA,98004,
2,Pete's Wine Shop - Seattle,206-322-2660,George,58 E Lynn St,,Seattle,WA,98102,
5,Pike & Western,206-441-1307,Kyle Reynolds or Maureen,1934 Pike Place,,Seattle,WA,98101,
1,Port Gardner Bay Winery,425-339-0293,Tiffany Syltebo,2802 Rockefeller Ave,,Everett,WA,98201,
1,Port of Kennewick,509-586-1186,Tana Bader Inglima,"350 Clover Island Dr, Ste 00",,Kennewick,WA,99336,
1,Precept Wine,206-267-5289,Miles Johnson,1910 Fairview Ave E #401,,SEATTLE,WA,98102,
1,Prestangelo Wines,206-694-9206,,4200 219th St SW,,Mountlake Terrace,WA,98043,
4,Prosser Chamber of Commerce,(509) 865-8574      ,Jim Milne,1230 Bennet Ave,,Prosser,WA,99350,
2,Pullman Chamber of Commerce,509-334-356,Vicki Leeper,415 N Grand Ave,,Pullman,WA,99163,
1,Purple Cafe And Wine Bar,206-829-2280,,1218 3rd Avenue Suite 900,,Seattle,WA,98101,
3,Quality Inn & Suites Woodland,360-225-1000,Rhonda Olney,1380 Atlantic Ave,,Woodland,WA,98674,
1,Quincy Valley Chamber of Commerce,509-787-2140,,119 F Street SE ,,Quincy,WA,98848,
1,Rainier Club,206-296-6867,Christopher Chan,820 4th Ave,,Seattle,WA,98104,
4,Red Lion,360-636-4400,Ginny Whiffen,510 S Kelso Drive,,Kelso,WA,98626,
1,Renton Chamber of Commerce,425-226-4560,Lynn Wallace,625 South 4th Street,,Renton,WA,98057,
1,Republic Regional CVB,(509) 775-3387      ,Jon Chrysler,600 S Clark Avenue,,Republic,WA,99166,
1,Ritzville Area Chamber of Commerce,509-659-1936,Jennifer Saunders,111 West Main Ave,,Ritzville,WA,99169,
2,Roach & Smith Dist. Inc.,406-782-9158,D. Haney,1005 S. Montana,,Butte,MT,59702,
1,Robert Karl Cellars,509-363-1353,Rebecca Gunselman,920 W Comstock Ct,,Spokane,WA,99203,
1,Rotary Wine Club,360-331-3103 ,Russ de Wolfe,352 Crows Nest Dr,,Freeland,WA,98249,
2,S&C Importers & Distributors,208-726-4316,P. Van Zeipel,200 Northwood Way,,Ketchum,ID,83340,
1,Saint Laurent Estate Winery,509-888-9463,Don Weaver,4147 Hamlin Rd,,Malaga,WA,98828,
1,San Juan Island Cheese,425-685-6468,Richard Daly,155 Nichols,,Friday Harbor,WA,98250,
1,San Juan Island Visitors Bureau ,360-378-3277,Barbera Marrett,640 Mullis Street Suite 210,,Friday Harbor,WA,98250,
2,SCCC/Seattle Culinary Academy,206.934-3800,Mike Jordan/Chef Instructor,1701 Broadway,,Seattle,WA,98122,
3,Seaside Visitors Bureau,888.306.2326,Patricia Murphy,7 N Roosevelt Dr,,Seaside,OR,97138,
2,Seattle Southside,206.575.2489,Ashley Comar,3100 S. 176th Street,,Seattle,WA,98188,
2,Seattle Wine Outlet,206-524-6909,Richard,946 Elliott Ave W,,Seattle,WA,98119,
6,Seattle Wine Tours,206-444-9463,Joe,15701 Nelson Pl,,Tukwila,WA,98188,
1,Severino Cellars,509.829.3800,Nikki Samaniego,1717 1st Ave,,Zillah,WA,98953,
6,Silvara Vineyards,602-292-2444,Gary Seidler,77 Stage Road,,Leavenworth,WA,98826,
1,Silver Reef Casino Resort,360-383-0777,Aaron Thomas,4876 Haxton Way,,Ferndale,WA,98248,
1,Sipping Serendipity Wine Shoppe,360-289-9463,Deb Haggard,289 Lakeview Loop NE,,Ocean Shores,WA,98569,
1,Sixth Ave Wine Cellar,206-621-2669,,600 Pine St Ste 245,,Seattle,WA,98101,
2,Skagit Valley Tourism/Mt Vernon Chamber of Commerce,360-428-8547    ,Bob Johnson,301 W. Kincaid Street,,Mt Vernon,WA,98273,
1,Skamania County Chamber of Commerce,509-427-8911,,167 2nd Street ,,Stevenson,WA,98648,
1,Sleeping Lady Resort,509-458-6344,Lori Vanderbrink,7375 Icicle Rd,,Leavenworth,WA,98826,
1,Smash Wine Bar & Bistro,206-547-3232,,1401 N 45th St,,Seattle,WA,98103,
5,Snohomish County VB,425-776-39773,,19921 Poplar Way,,Lynnwood ,WA,98036,
1,SoJen Cellars,425-876-2396,Max Jensen,1802 131st dr ne,,Lake Stevens,Wa,98258,
1,Sound Beverage Dist. Inc,360-734-7360,Tom Lingbloom,3901 Airport Way,,Bellingham ,WA,98226,
5,South Snohomish County VB,(425) 776-3977,Jean Morehouse,19921 Poplar Way,,Lynnwood,WA,98036,
3,Spoiled Dog Winery,360-661-6226,Karen Krug,5881 Maxwelton Rd,,Langley,WA,98260,
20,Spokane CVB,(509) 624-1341      ,Jeanna Hofmeister,201 W Main,,Spokane,WA,99201,
1,St Michelle Wine Estates,425-488-1133,Karen Zumwalt,14111 NE 145th St,,WOODINVILLE,WA,98072,
1,Stemilt Creek Winery Tasting Room,509-665-3485,,110 N Wenatchee Ave,,Wenatchee,WA,98801,
1,Stems,509-452-8800,Brad Baldwin,411 E Yakima Ave,,Yakima,WA,98901,
1,Steppe Cellars,509-830-8891,Susan Garrison,1991 Chaffee Road,,Sunnyside,WA,98944,
1,Stewardship Partners,206-292-9875,Alex Ko,1411 4th Ave Ste 1425,,Seattle,WA,98101,
1,Stomani Cellars,206-601-1833,Alex Monani,1403 Dexter Ave N,,SEATTLE,WA,98109,
1,Stottle Winery-Alki,206-963-4527,Josh Stottlemeyer,2646 42nd Ave SW,,SEATTLE,WA,98116,
1,Summit Beverage,406-541-3900,D. Haney,3305 Great Northern Way,,Missoula,MT,59802,
1,Tacoma Regional CVB Att. VIC,(253) 284-3267      ,Tammy Music Att.VIC,1515 Commerce St ,,Tacoma,WA,98402,
1,Tacoma Wine Merchants,253-779-8258,,21 N Tacoma Ave,,Tacoma,WA,98403,
1,Tagaris Taverna Wine Bar,509-628-1619,,844 Tulip Lane,,Richland,WA,99352,
1,Tahoma Market,253-324-7430,Attn Heidi Weeks,6006 Pacific Hwy E,,Fife,WA,98424,
1,Tamarack Cellars,509-526-3533,Attn Katie Sadler,700 C St,,Walla Walla,WA,99362,
1,Tapteil Winery,509-588-4460,Attn Gayle,20206 E 583 PRNE,,Benton City,WA,99320,
1,Taylor Shellfish Farms,(206) 501-4321,Kevin Bartlett,1521 Melrose Ave,,Seattle,WA,98101,
1,Teatro Zinzanni,206-802-0011,Tina Gonsalves,222 Mercer St,,SEATTLE,WA,98109,
2,Terra Blanca Winery,509-588-6082,Heather Unwin,34715 N DeMoss Rd,,Benton City,WA,99320,
1,Terra Plata,206-325-1501,Tamara Murphy,1501 Melrose Ave,,Seattle,WA,98122,
2,The Bunnell Family Cellar,,Susan Bunnell,19501 144th Ave NE,,WOODINVILLE,WA,98072,
2,The Bunnell Family Wine Bar,(509) 786-2197,Susan Bunnell,548 Cabernet Court,,PROSSER,WA,99350,
1,The Chrysalis Inn & Spa,360-756-1006,Scarlett Graham,804 10th St,,Bellingham,WA,98225,
2,The French Bakery at the Vineyard,206-992-4099,LeeAnn Belarde,16507 140th Pl NE,,Woodinville,WA,98072,
5,The Grape Choice,425-827-7551,Larry Springer ,7 Lakeshore Plaza,,Kirkland,WA,98033,
2,The Tasting Room,509-966-0686,,250 Ehler Rd.,,YAKIMA,WA,98908,
6,The Tasting Room,206-770-9463,,1934 Post Alley,,Seattle,WA,98101,
1,The West Seattle Wine Cellars,206-937-2868,,6026 California Ave SW,,Seattle,WA,98136,
2,The Wine Alley,425-271-4501,Scott & Allison Helfen,14276 NE 176 St,,Renton,WA,98058,
1,The Wine Loft (Olympia),360-754-6208,,401 Columbia St NW,,Olympia,WA,98501,
1,The Wine Studio,253-851-9463,,3123 56th St NW,,Gig Harbor,WA,98335,
2,The Wineshop,360-652-9200,Mary Slindel,2704 171st Place NE,#L102,MARYSVILLE,WA,98271,
2,Thrall & Dodge Winery,360-305-7481,Troy Goodreau,111 Dodge Road,,Ellensburg,WA,98926,
4,Three Brothers Vineyard & Wine,360-263-6339,Dan Andersen,802 NW 297th Circle,,Ridgefield,WA,98642,
1,Top Foods Olympia,360-754-1428,,1313 Cooper  Point Rd,,Olympia,WA,98502,
1,Toppenish Chamber of Commerce,509-865-3262,,504 S Elm St,,Toppenish,WA,98948,
2,Total Wine & More,301-547-01941 x 191,Shawn McKean,11325 Seven Lock Rd Ste 214,,Potomac,MD,20854,
5,Total Wine & More Bellevue,425-454-1317,Wilburton Crossing,699 120th Ave NE Unit B,,Bellevue,WA,98005,
3,Total Wine & More Spokane,509-466-1644,Northpointe Shopping Center,9980 N Newport Hwy ,,Spokane,WA,99218,
3,Total Wine & More Tukwila,206-575-6280,Segale Center,300 Andover Park W Ste 500,,Tukwila,WA,98188,
2,Total Wine Chantilly,,Maria Sheil,13055-C Lee Jackson Hwy,,Fairfax,VA,22033,
2,Total Wine Fairfax,703-250-0604,Heather Wilkins,9484 Main St,,Fairfax,VA,22031,
2,Total Wine Fredericksburg,540-785-6737,Attn Fred Shoffner,1641 Carl D Silver Pkwy,,Fredericksburg,VA,22401,
2,Total Wine Landmark,703-941-1133,Dan Robinson,6240 Little River Turnpike,,Alexandria,VA,22312,
2,Total Wine Manassas,703-368-2580,Lisa Phillips,8103 Sudley Rd,,Manassas,VA,20109,
2,Total Wine Mclean,703-749-0011,Ben Owens,1451 Chain Bridge Rd,,Mclean,VA,22101,
2,Total Wine springfield,703-912-9387,Tim Hong,6801 Bland St,,Springfield,VA,22150,
2,Total Wine Sterling,703-433-0522,Martin Cavanaugh,46301 Potomac Run Plaza,,Sterling,VA,20164,
2,Tourism Walla Walla,509-525-8799,Andrew Holt,8 South 2nd Ave #603,,Walla Walla,WA,99362,
1,Townshend Cellar,509-238-1400,Jill Rider,16112 N Greenbluff Rd,,Colbert,WA,99005,
1,Travel Tacoma,253-284-3254,,1516 Pacific Avenue,,Tacoma,WA,98402,
1,Trellis,425-284-5900,,220 Kirkland Ave,,Kirkland,WA,98033,
4,Treveri Cellars,509-248-0200,Julie Grieb,71 Gangl Rd,,Wapato,WA,98951,
1,Trio Vintners,509-540-2326,Karen La Bonte,1948 Stillwater Dr.,,Walla Walla,WA,99362,
1,Tulalip Chamber of Commerce and Visitor Information,360-659-7700,Cyd Leahy,8825 34 Ave NE Ste C,,Tulalip,WA,98271,
1,Twisp Chamber of Commerce,509-997-2020,,118 S Glover St.,,Twisp,WA,98856,
3,Umatilla Chamber of Commerce,541-922-4825,,100 Cline,,Umatilla,WA,97882,
2,Vail wine Shop,360-632-2227,Larry & Patsy Vail,1838 Hastie Lake Rd,,Oak Harbor,WA,98277,
1,Valley Café,509-925-3050,Attn: Greg,103 W 3rd Ave,,Ellensburg,WA,98926,
1,Van Camp Cellars,425-330-0338,Jim Van Camp,305 Sumac Dr.,,Monroe,Wa.,98272,
1,Vancouver USA Regional Tourism Office,(360) 750-1553      ,Jill Daniel,101 E 8th St Ste 240,,Vancouver,WA,98660,
3,Vancouver Visitors Center,360-750-1553,Jen Javier,1501 E. Evergreen Blv ,,Vancouver,WA,98661,
1,Vashon Island Chamber of Commerce,206-463-6217,Bill Brown,17141 Vashon Island Highway SW,,Vashon,WA,98070,
1,Village Wines,425-485-3536,,14450 Woodinville Redmond Rd NE,,Woodinville,WA,98072,
1,VineHart Winery,509-973-2993,,44209 McDonald Rd,,Prosser,WA,99350,
1,Vino Amore Wine Shop,360-331-7661,Brian Plebanek,5575 Harbor Ave Ste 102,,Freeland,WA,98249,
1,Vino At The Landing,425-282-0382,Rick,800 N 10th Pl Ste E,,Renton,WA,98057,
4,Vino Volo,206-246-4801,Mark,17801 Pacific Hwy S,,Seattle,WA,98158,
1,Vino! A Wine Shop,509-838-1229,Kay,222 S Washington St.,,SPOKANE,WA,99201,
2,Visit Bellevue,425-450-3777,Attn Susan Linton,111000 NE 6th Street,Loading Dock,Bellevue ,WA,98004,
1,Visit Olympia,360-704-7544,,103 Sid Snyder Ave SW,,Olympia,WA,98501,
4,Visit Seattle,206-461-5888   ,Jenn Miller,"701 Pike St, Ste 800",1 Convention Place,Seattle,WA,98101,
1,Vortex Cellars,206-383-1235,Ed Wicklein,19501 144th Ave NE D500,,Woodinville,WA,98072,
1,Walla Walla Community College,509-524-5170,Enology & Viticulture,500 Tausick Way,,Walla Walla,WA,99362,
1,Walla Walla Village Winery,509-525-9463,Barb Clark,107 S 3rd St,,Walla Walla,WA,99362,
1,Walla Walla Wine Alliance,509-526-3117,Duane Wollmuth,13 1/2 Main St,,WALLA WALLA,WA,99362,
1,Ward Johnson Winery,206-284-2635,Kurt Johnson,1445 Elliot Ave W,,SEATTLE,WA,98119,
1,Washington Apple Commission,509-663-9600,Attn Nancy Mooney,2900 Euclid Ave,,Wenatchee,WA,98801,
1,Washington Sips,253-561-3270,Kathy Hanson,608 S First St,,La Conner,WA,98257,
1,Washington State University- Viticulture & Encology,509-372-7224,Thomas Henick,2710 University Drive,,Richland,WA,99354,
65,Washington State Wine Commission,206-326-5764,Attn: Stephanie Lyon,"1201 Western Avenue, Suite 450",,Seattle,WA,98101,
1,Washington Wine and Beverage Company,425-485-2437,Jacueline LeClair,15029 Woodinville-Redmond Rd,,Woodinville,WA,98072,
1,Washington Wine Country Alliance,509-575-3010,Kirsten Danielson,10 N 8th Ave,,Yakima,WA,98901,
1,Waving Tree Vineyards and Winery,509-733-6552,,2 Maryhill Hwy,,Goldendale,WA,98620,
6,Wedge Mountain Winery,509-548-7068,Mary Ann McKee,9534 Saunders Road,,Peshastin,WA,98847,
8,Wenatchee Valley Visitors Bureau,509-663-3723,Sandy Appel,5 S. Wenatchee Ave.,Suite 100,Wenatchee,WA,98801,
1,Westport Winery,360-648-2224,Kim Roberts,1 South Arbor Rd,,Aberdeen,WA,98520,
4,Whidbey Chamber,360-678-5434,,905 NW Alexander St.,,COUPEVILLE,WA,98239,
1,White Salmon Vineyard,509-493-4640,,391 Newell Rd,,Underwood,WA,98651,
2,Wicked Cellars,425-258-3117,,2616 Colby Ave,,Everett,WA,98201,
1,William Church Winery,425-482-2510,,14455 Woodinville Redmond Rd NE,,Woodinville,WA,98072,
1,"Willis Hall, LLC",(360)653-1247,John Bell,4715 126th St. NE,,Marysville,WA,98271,
1,Willow Tree Vineyard,360-592-4505,Heather Gorum,5551 Finsrud Rd,,Everson,WA,98247,
1,Willows Lodge,425 424 3900,Andrew- Concierge,14580 NE 145,,Woodinville,WA,98072,
1,Wind Rose Cellars,360-358-5469,,233 Bell Bottom Rd,,Sequim,WA,98382,
1,Wine Gallery,406-586-8828,Attn Doug,2320 W Main St #3,,Bozeman,MT,59718,
1,Wine Loft,,Attn Jim,401 Columbia St NW,,Olympia,WA,,
1,Wine Press,509-582-8695,Gregg McConnell,333 W Canal Dr,,Kennewick,WA,99336,
16,Wine World & Spirits,206-402-6086,David LeClair or Ellen Nakamura,"400 NE 45th, Suite 130",,Seattle,WA,98105,
1,Winegirl wines,(206) 384-7936,Angela Jacobs,222 E Wapato Way PO Box 327,,Manson,WA,98831,
2,Woodinville Wine Cellars,425-481-8860,,21 132 Ave NE,,WOODINVILLE,WA,98072,
2,Woodland Visitor Center,360-225-9552,JJ Burke,900 Goerig Street,,Woodland,WA,98674,
8,Woodward Canyon Winery,509-525-4129,Shari Brumbach,11920 W. Highway 12,,Lowden,WA,99360,
5,Yakima Valley VIC,509-573-3388,Diane Smestad,101 N Fair Ave.,,YAKIMA,WA,98901,
3,Yokes Fresh Market #13,509-585-0888,Attn Caitlin Guyette,1410 W 27th Ave,,Kennewick,WA,99337,
10,Young's Columbia Distributing,1-800-949-5997,Scott Elings,8220 S 212th St,,Kent,WA,98032,
1,Youngs Market Bend,541-382-4761,Tye Josue,20735 High Desert Lane,,Bend,OR,97701,
1,Young's Market Company,307-460-0877,Ben Kordon,711 East College Drive #114,,Cheyenne ,WY,82007,
1,Young's Market Company,307-690-3272,Bob Merriman,3400 S. Hwy 89 #36,,Jackson,WY,83001,
2,Youngs Market Kent,425-251-9300,Kelly Rhodes,8220 S 212th Street,,Kent,WA,98032,
1,Youngs Market Medford,541-773-4841,Rod Hobson,501 Airport Road,,Medford,OR,97504,
2,Youngs Market Portland,503-289-9600,Don Alexander,6840 N. Cutter Circle,,Portland,OR,97217,
1,Youngs Market Salem,503-399-7979,Tom Dunsworth,200 Hawthorne Ave Suite F604,,Salem,OR,97301,
1,Youngs Market Springfield,541-747-5242,Scott MacDowell,4011 Industrial Street,,Springfield,OR,97477,
2,Youngs Market Vancouver,360-604-9288,Mike Schroeder,"3301 SE Columbia Way, Bld 45 Suite 250",,Vancouver,WA,98661,
2019,,,,,,,,,
,,,,,,,,,
19,Tri-Cities Visitor & Convention Bureau,800-254-5824,,7130 W Grandridge Blvd,Ste B,Kennewick,WA,99336,Version B w/snipe copies
19,Walla Walla Visitors Center,877-998-4748,,26 East Main Street,,Walla Walla,WA,99362,Version B w/snipe copies
19,Yakima Valley Convention Bureau,509-575-3010,,10 N 8th Street,,Yakima,WA,98901,Version B w/snipe copies
57,Total Cases or 3021 copies,,,,,,,,
,,,,,,,,,
,,,,,,,,,
